{"aa":{"name":"Afar","nativeName":"Afaraf"},"ab":{"name":"Abkhaz","nativeName":"аҧсуа бызшәа","active":1},"ae":{"name":"Avestan","nativeName":"avesta"},"af":{"name":"Afrikaans","nativeName":"Afrikaans","active":1},"ak":{"name":"Akan","nativeName":"Akan","active":1},"am":{"name":"Amharic","nativeName":"አማርኛ","active":1},"an":{"name":"Aragonese","nativeName":"aragonés"},"ar":{"name":"Arabic","nativeName":"العربية","active":1},"as":{"name":"Assamese","nativeName":"অসমীয়া","active":1},"av":{"name":"Avaric","nativeName":"авар мацӀ"},"ay":{"name":"Aymara","nativeName":"aymar aru","active":1},"az":{"name":"Azerbaijani","nativeName":"azərbaycan dili","active":1},"ba":{"name":"Bashkir","nativeName":"башҡорт теле","active":1},"be":{"name":"Belarusian","nativeName":"беларуская мова","active":1},"bg":{"name":"Bulgarian","nativeName":"български език","active":1},"bi":{"name":"Bislama","nativeName":"Bislama"},"bm":{"name":"Bambara","nativeName":"bamanankan","active":1},"bn":{"name":"Bengali","nativeName":"বাংলা","active":1},"bo":{"name":"Tibetan","nativeName":"བོད་ཡིག"},"br":{"name":"Breton","nativeName":"brezhoneg","active":1},"bs":{"name":"Bosnian","nativeName":"bosanski jezik","active":1},"ca":{"name":"Catalan","nativeName":"Català","active":1},"ce":{"name":"Chechen","nativeName":"нохчийн мотт"},"ch":{"name":"Chamorro","nativeName":"Chamoru"},"co":{"name":"Corsican","nativeName":"corsu","active":1},"cr":{"name":"Cree","nativeName":"ᓀᐦᐃᔭᐍᐏᐣ"},"cs":{"name":"Czech","nativeName":"Čeština","active":1},"cu":{"name":"Old Church Slavonic","nativeName":"ѩзыкъ словѣньскъ"},"cv":{"name":"Chuvash","nativeName":"чӑваш чӗлхи","active":1},"cy":{"name":"Welsh","nativeName":"Cymraeg","active":1},"da":{"name":"Danish","nativeName":"Dansk","active":1},"de":{"name":"German","nativeName":"Deutsch","active":1},"dv":{"name":"Divehi","nativeName":"ދިވެހި","active":1},"dz":{"name":"Dzongkha","nativeName":"རྫོང་ཁ","active":1},"ee":{"name":"Ewe","nativeName":"Eʋegbe","active":1},"el":{"name":"Greek","nativeName":"Ελληνικά","active":1},"en":{"name":"English","nativeName":"English","active":1},"eo":{"name":"Esperanto","nativeName":"Esperanto","active":1},"es":{"name":"Spanish","nativeName":"Español","active":1},"et":{"name":"Estonian","nativeName":"eesti","active":1},"eu":{"name":"Basque","nativeName":"euskara","active":1},"fa":{"name":"Persian","nativeName":"فارسی","active":1},"ff":{"name":"Fula","nativeName":"Fulfulde","active":1},"fi":{"name":"Finnish","nativeName":"suomi","active":1},"fj":{"name":"Fijian","nativeName":"vosa Vakaviti","active":1},"fo":{"name":"Faroese","nativeName":"Føroyskt"},"fr":{"name":"French","nativeName":"Français","active":1},"fy":{"name":"Western Frisian","nativeName":"Frysk","active":1},"ga":{"name":"Irish","nativeName":"Gaeilge","active":1},"gd":{"name":"Scottish Gaelic","nativeName":"Gàidhlig","active":1},"gl":{"name":"Galician","nativeName":"galego","active":1},"gn":{"name":"Guaraní","nativeName":"Avañe'ẽ","active":1},"gu":{"name":"Gujarati","nativeName":"ગુજરાતી","active":1},"gv":{"name":"Manx","nativeName":"Gaelg"},"ha":{"name":"Hausa","nativeName":"هَوُسَ","active":1},"he":{"name":"Hebrew","nativeName":"עברית","active":1},"hi":{"name":"Hindi","nativeName":"हिन्दी","active":1},"ho":{"name":"Hiri Motu","nativeName":"Hiri Motu"},"hr":{"name":"Croatian","nativeName":"Hrvatski","active":1},"ht":{"name":"Haitian","nativeName":"Kreyòl ayisyen","active":1},"hu":{"name":"Hungarian","nativeName":"magyar","active":1},"hy":{"name":"Armenian","nativeName":"Հայերեն","active":1},"hz":{"name":"Herero","nativeName":"Otjiherero"},"ia":{"name":"Interlingua","nativeName":"Interlingua"},"id":{"name":"Indonesian","nativeName":"Bahasa Indonesia","active":1},"ie":{"name":"Interlingue","nativeName":"Interlingue"},"ig":{"name":"Igbo","nativeName":"Asụsụ Igbo","active":1},"ii":{"name":"Nuosu","nativeName":"ꆈꌠ꒿ Nuosuhxop"},"ik":{"name":"Inupiaq","nativeName":"Iñupiaq"},"io":{"name":"Ido","nativeName":"Ido"},"is":{"name":"Icelandic","nativeName":"Íslenska","active":1},"it":{"name":"Italian","nativeName":"Italiano","active":1},"iu":{"name":"Inuktitut","nativeName":"ᐃᓄᒃᑎᑐᑦ"},"ja":{"name":"Japanese","nativeName":"日本語","active":1},"jv":{"name":"Javanese","nativeName":"basa Jawa","active":1},"ka":{"name":"Georgian","nativeName":"ქართული","active":1},"kg":{"name":"Kongo","nativeName":"Kikongo"},"ki":{"name":"Kikuyu","nativeName":"Gĩkũyũ"},"kj":{"name":"Kwanyama","nativeName":"Kuanyama"},"kk":{"name":"Kazakh","nativeName":"қазақ тілі","active":1},"kl":{"name":"Kalaallisut","nativeName":"kalaallisut"},"km":{"name":"Khmer","nativeName":"ខេមរភាសា","active":1},"kn":{"name":"Kannada","nativeName":"ಕನ್ನಡ","active":1},"ko":{"name":"Korean","nativeName":"한국어","active":1},"kr":{"name":"Kanuri","nativeName":"Kanuri"},"ks":{"name":"Kashmiri","nativeName":"कश्मीरी"},"ku":{"name":"Kurdish","nativeName":"Kurdî","active":1},"kv":{"name":"Komi","nativeName":"коми кыв"},"kw":{"name":"Cornish","nativeName":"Kernewek"},"ky":{"name":"Kyrgyz","nativeName":"Кыргызча","active":1},"la":{"name":"Latin","nativeName":"latine","active":1},"lb":{"name":"Luxembourgish","nativeName":"Lëtzebuergesch","active":1},"lg":{"name":"Ganda","nativeName":"Luganda","active":1},"li":{"name":"Limburgish","nativeName":"Limburgs","active":1},"ln":{"name":"Lingala","nativeName":"Lingála","active":1},"lo":{"name":"Lao","nativeName":"ພາສາລາວ","active":1},"lt":{"name":"Lithuanian","nativeName":"lietuvių kalba","active":1},"lu":{"name":"Luba-Katanga","nativeName":"Kiluba"},"lv":{"name":"Latvian","nativeName":"latviešu valoda","active":1},"mg":{"name":"Malagasy","nativeName":"fiteny malagasy","active":1},"mh":{"name":"Marshallese","nativeName":"Kajin M̧ajeļ"},"mi":{"name":"Māori","nativeName":"te reo Māori","active":1},"mk":{"name":"Macedonian","nativeName":"македонски јазик","active":1},"ml":{"name":"Malayalam","nativeName":"മലയാളം","active":1},"mn":{"name":"Mongolian","nativeName":"Монгол хэл","active":1},"mr":{"name":"Marathi","nativeName":"मराठी","active":1},"ms":{"name":"Malay","nativeName":"Bahasa Melayu","active":1},"mt":{"name":"Maltese","nativeName":"Malti","active":1},"my":{"name":"Burmese","nativeName":"ဗမာစာ","active":1},"na":{"name":"Nauru","nativeName":"Dorerin Naoero"},"nb":{"name":"Norwegian Bokmål","nativeName":"Norsk bokmål"},"nd":{"name":"Northern Ndebele","nativeName":"isiNdebele"},"ne":{"name":"Nepali","nativeName":"नेपाली","active":1},"ng":{"name":"Ndonga","nativeName":"Owambo"},"nl":{"name":"Dutch","nativeName":"Nederlands","active":1},"nn":{"name":"Norwegian Nynorsk","nativeName":"Norsk nynorsk"},"no":{"name":"Norwegian","nativeName":"Norsk","active":1},"nr":{"name":"Southern Ndebele","nativeName":"isiNdebele","active":1},"nv":{"name":"Navajo","nativeName":"Diné bizaad"},"ny":{"name":"Chichewa","nativeName":"chiCheŵa","active":1},"oc":{"name":"Occitan","nativeName":"occitan","active":1},"oj":{"name":"Ojibwe","nativeName":"ᐊᓂᔑᓈᐯᒧᐎᓐ"},"om":{"name":"Oromo","nativeName":"Afaan Oromoo","active":1},"or":{"name":"Oriya","nativeName":"ଓଡ଼ିଆ","active":1},"os":{"name":"Ossetian","nativeName":"ирон æвзаг"},"pa":{"name":"Panjabi","nativeName":"ਪੰਜਾਬੀ","active":1},"pi":{"name":"Pāli","nativeName":"पाऴि"},"pl":{"name":"Polish","nativeName":"Polski","active":1},"ps":{"name":"Pashto","nativeName":"پښتو","active":1},"pt":{"name":"Portuguese","nativeName":"Português","active":1},"qu":{"name":"Quechua","nativeName":"Runa Simi","active":1},"rm":{"name":"Romansh","nativeName":"rumantsch grischun"},"rn":{"name":"Kirundi","nativeName":"Ikirundi","active":1},"ro":{"name":"Romanian","nativeName":"Română","active":1},"ru":{"name":"Russian","nativeName":"Русский","active":1},"rw":{"name":"Kinyarwanda","nativeName":"Ikinyarwanda","active":1},"sa":{"name":"Sanskrit","nativeName":"संस्कृतम्","active":1},"sc":{"name":"Sardinian","nativeName":"sardu"},"sd":{"name":"Sindhi","nativeName":"सिन्धी","active":1},"se":{"name":"Northern Sami","nativeName":"Davvisámegiella"},"sg":{"name":"Sango","nativeName":"yângâ tî sängö","active":1},"si":{"name":"Sinhala","nativeName":"සිංහල","active":1},"sk":{"name":"Slovak","nativeName":"Slovenčina","active":1},"sl":{"name":"Slovenian","nativeName":"slovenščina","active":1},"sm":{"name":"Samoan","nativeName":"gagana fa'a Samoa","active":1},"sn":{"name":"Shona","nativeName":"chiShona","active":1},"so":{"name":"Somali","nativeName":"Soomaaliga","active":1},"sq":{"name":"Albanian","nativeName":"Shqip","active":1},"sr":{"name":"Serbian","nativeName":"српски језик","active":1},"ss":{"name":"Swati","nativeName":"SiSwati","active":1},"st":{"name":"Southern Sotho","nativeName":"Sesotho","active":1},"su":{"name":"Sundanese","nativeName":"Basa Sunda","active":1},"sv":{"name":"Swedish","nativeName":"Svenska","active":1},"sw":{"name":"Swahili","nativeName":"Kiswahili","active":1},"ta":{"name":"Tamil","nativeName":"தமிழ்","active":1},"te":{"name":"Telugu","nativeName":"తెలుగు","active":1},"tg":{"name":"Tajik","nativeName":"тоҷикӣ","active":1},"th":{"name":"Thai","nativeName":"ไทย","active":1},"ti":{"name":"Tigrinya","nativeName":"ትግርኛ","active":1},"tk":{"name":"Turkmen","nativeName":"Türkmençe","active":1},"tl":{"name":"Tagalog","nativeName":"Wikang Tagalog","active":1},"tn":{"name":"Tswana","nativeName":"Setswana","active":1},"to":{"name":"Tonga","nativeName":"faka Tonga"},"tr":{"name":"Turkish","nativeName":"Türkçe","active":1},"ts":{"name":"Tsonga","nativeName":"Xitsonga","active":1},"tt":{"name":"Tatar","nativeName":"татар теле","active":1},"tw":{"name":"Twi","nativeName":"Twi"},"ty":{"name":"Tahitian","nativeName":"Reo Tahiti"},"ug":{"name":"Uyghur","nativeName":"ئۇيغۇرچە‎","active":1},"uk":{"name":"Ukrainian","nativeName":"Українська","active":1},"ur":{"name":"Urdu","nativeName":"اردو","active":1},"uz":{"name":"Uzbek","nativeName":"Ўзбек","active":1},"ve":{"name":"Venda","nativeName":"Tshivenḓa"},"vi":{"name":"Vietnamese","nativeName":"Tiếng Việt","active":1},"vo":{"name":"Volapük","nativeName":"Volapük"},"wa":{"name":"Walloon","nativeName":"walon"},"wo":{"name":"Wolof","nativeName":"Wollof"},"xh":{"name":"Xhosa","nativeName":"isiXhosa","active":1},"yi":{"name":"Yiddish","nativeName":"ייִדיש","active":1},"yo":{"name":"Yoruba","nativeName":"Yorùbá","active":1},"za":{"name":"Zhuang","nativeName":"Saɯ cueŋƅ"},"zh":{"name":"Chinese","nativeName":"中文","active":1},"zu":{"name":"Zulu","nativeName":"isiZulu","active":1}}